feature,importance
gsr_phasic_peaks_count,0.3442622950819672
gsr_tonic,0.3114754098360656
hrv_rmssd,0.22950819672131148
heart_rate_bpm,0.11475409836065574
