feature,importance
hrv_rmssd,0.3177354919347189
gsr_tonic,0.249734717635204
gsr_phasic_peaks_count,0.2216295156704306
heart_rate_bpm,0.21090027475964648
