subject,mean_alpha_power,mean_pupil_size,mean_gaze_x,mean_gaze_y,total_trials
sub-01,9.283436720461471e-06,3.135866720209228,-0.06028017633678451,0.09897075529706496,33
